asin,title,imgUrl,productURL,stars,reviews,price,listPrice,category,isBestSeller,boughtInLastMonth
B08HHKKKCD,"Bosttor Bluetooth Beanie Hat with Light, Headlamp Cap with Headphones and Built-in Speaker Mic, Gifts for Men Women Teen",https://m.media-amazon.com/images/I/71ogJOykTsL._AC_UL320_.jpg,https://www.amazon.com/dp/B08HHKKKCD,4.5,2342,31.99,0,Headphones & Earbuds,FALSE,0
B0C9WGMMD4,Squishmallow Scarlet Strawberry Plush Wired Headphones,https://m.media-amazon.com/images/I/510gKm9TGQL._AC_UL320_.jpg,https://www.amazon.com/dp/B0C9WGMMD4,0,0,27.5,0,Headphones & Earbuds,FALSE,0
B0CJ1CGV4J,"iJoy Wireless Over-Ear Bluetooth Headphones - Wireless and Wired Foldable Headset with Built-in Microphone, FM, Micro SD Card Slot, Touch Controls - Audifonos Auriculares Inalambricos (White)",https://m.media-amazon.com/images/I/61hqenFboNL._AC_UL320_.jpg,https://www.amazon.com/dp/B0CJ1CGV4J,0,0,12.99,0,Headphones & Earbuds,FALSE,0
B00NLLKRVC,Yurbuds Signature Series ITX-1000 In-Ear Headphones,https://m.media-amazon.com/images/I/61J1Dd6zAvL._AC_UL320_.jpg,https://www.amazon.com/dp/B00NLLKRVC,4.2,95,69.69,0,Headphones & Earbuds,FALSE,0
B0BL8VKXTT,"AUOUA Life On Music Wireless Bluetooth Headphones with Mic, Over Ear Headset with Microphone for PC, Lightweight Wired Headphone for iPad PC Laptop, Black",https://m.media-amazon.com/images/I/710BGOaevDL._AC_UL320_.jpg,https://www.amazon.com/dp/B0BL8VKXTT,4,29,15.39,16.69,Headphones & Earbuds,FALSE,0
B07YYNCHZF,"LG Tone Pro HBS-770 Behind-The-Neck in-Ear Earbuds Headphones Wireless Neckband Stereo Headset, Black (Non-Retail Packaging) (Renewed)",https://m.media-amazon.com/images/I/71sF7XKpMXL._AC_UL320_.jpg,https://www.amazon.com/dp/B07YYNCHZF,3.3,14,64.99,0,Headphones & Earbuds,FALSE,0
B07BDQGSWW,"Plantronics BackBeat GO 600 Noise-Isolating Headphones, Over-The-Ear Bluetooth Headphones, Navy (211139-99)",https://m.media-amazon.com/images/I/61yxUb8vdFL._AC_UL320_.jpg,https://www.amazon.com/dp/B07BDQGSWW,4.2,1086,29.29,0,Headphones & Earbuds,FALSE,0
B06Y4MR1MB,"Wicked Audio Bandido Wireless ‚Äî Bluetooth Earbuds with Microphone and Track Control ‚Äî Wireless Headset with Metal Housing, Loop and Fin Attachments and Enhanced Bass ‚Äî Black",https://m.media-amazon.com/images/I/51nxjxVNuWL._AC_UL320_.jpg,https://www.amazon.com/dp/B06Y4MR1MB,4.1,77,29.99,0,Headphones & Earbuds,FALSE,0
B0BHN8NZ4G,"Sleep Headphones Bluetooth Headband Wireless - Upgraded Ergonomic ASMR Headphone Cool Gadget, Soft Sleeping Mask Music Sport Headband, Sleep headphones Gifts for Men Women Side Sleeper (Black)",https://m.media-amazon.com/images/I/81RUhcmtx7L._AC_UL320_.jpg,https://www.amazon.com/dp/B0BHN8NZ4G,3.9,175,12.99,0,Headphones & Earbuds,FALSE,0
B0C65J8N4P,"BORAYDA Bluetooth Headband, HD Stereo, Built-in Microphone, Workout, Running, Sports, Men/Women Gift",https://m.media-amazon.com/images/I/71BDtsnsTxL._AC_UL320_.jpg,https://www.amazon.com/dp/B0C65J8N4P,4.5,36,22.99,0,Headphones & Earbuds,FALSE,0
B0BMTHXS48,"JLab JBuds Air Icon True Wireless Signature Bluetooth Earbuds with Charging Case, Black & Gold, IP55 Sweat Resistance, Bluetooth 5.0, Stereo Phone Calls, Includes Samsung Qi Wireless Charger",https://m.media-amazon.com/images/I/616Nq3f2SfL._AC_UL320_.jpg,https://www.amazon.com/dp/B0BMTHXS48,4,2,44.95,0,Headphones & Earbuds,FALSE,0
B018R3YC00,SoundStrike 3.5mm Foldable Headphone Headset for Dj Headphone Mp3 Mp4 Pc Tablet sandisc Music Video and All Other Music Players (Grass Green),https://m.media-amazon.com/images/I/41ggYUG0IaL._AC_UL320_.jpg,https://www.amazon.com/dp/B018R3YC00,3.1,855,6.9,0,Headphones & Earbuds,FALSE,0
B015RWQAWC,"TFD Supplies Wholesale Bulk Earbuds Headphones 50 Pack for iPhone, Android, MP3 Player - Black",https://m.media-amazon.com/images/I/81OSiO3ldhL._AC_UL320_.jpg,https://www.amazon.com/dp/B015RWQAWC,4,365,26.32,27.95,Headphones & Earbuds,FALSE,0
B016YHQGFK,Maxell 191569 Soft Rubber Body Comfort Fit Jelleez Soft Ear Buds Black With Built In Microphone,https://m.media-amazon.com/images/I/51bB43goJoL._AC_UL320_.jpg,https://www.amazon.com/dp/B016YHQGFK,3.9,82,6.99,0,Headphones & Earbuds,FALSE,0
B09V2P4YHX,"HIFIMAN HE-R10D Dynamic Topology Driver Close-Back Over-Ear Headphones with Bluemini R2R for Home, Studio and Recording, Easily Switch Between Wired and Wireless, Bluetooth Headphones",https://m.media-amazon.com/images/I/61RBY2vaj1L._AC_UL320_.jpg,https://www.amazon.com/dp/B09V2P4YHX,5,1,599,0,Headphones & Earbuds,FALSE,0
B0BGYD1ZPD,"Urbanista True Wireless Earbuds, Bluetooth 5.2 Earphones with Touch Controls & Noise Cancelling Microphone, 32 Hr Total Playtime, USB C Charging Case, IPX4 Water Resistant, Copenhagen, Midnight Black",https://m.media-amazon.com/images/I/51wtYz6cbIL._AC_UL320_.jpg,https://www.amazon.com/dp/B0BGYD1ZPD,4.2,73,69,0,Headphones & Earbuds,FALSE,0
B09CTKP823,"Tayogo Bone Conduction Headphones - Open-Ear Bluetooth Sport Headphones with Built-in Mic - Sweatproof Wireless Earphone for Running, Cycling, Hiking, and Driving, with Earplugs - Grey",https://m.media-amazon.com/images/I/51L605UW6zL._AC_UL320_.jpg,https://www.amazon.com/dp/B09CTKP823,4,134,29.99,39.99,Headphones & Earbuds,FALSE,0
B09ZVH1TYZ,"EPOS SENNHEISER C20 Bluetooth Headset with Microphone | Wireless Headphones with up to 27 Hours Battery Life BrainAdapt‚Ñ¢ Technology,Black",https://m.media-amazon.com/images/I/615CdXXSJBL._AC_UL320_.jpg,https://www.amazon.com/dp/B09ZVH1TYZ,4.3,31,184.16,0,Headphones & Earbuds,FALSE,0
B0C7GKVW62,"YQ77 Wireless Kids Headphones, Cute Cat Ear LED Light Up Foldable Over-Ear Bluetooth Headphones with Microphone for iPad/Smartphones/PC/Kindle/Tablet/Laptop, Best Gifts for Kids Teens Adults (Pink)",https://m.media-amazon.com/images/I/51S4rw3zcIL._AC_UL320_.jpg,https://www.amazon.com/dp/B0C7GKVW62,3.9,8,16.99,0,Headphones & Earbuds,FALSE,0
B0B8X8DFZQ,Wireless Headphones for Side Sleepers Noise Cancelling Eye Mask Sports Adjustable Headband Headset with HD Stereo Speakers for Sleeping Workout Jogging Yoga Insomnia Air Travel Meditation,https://m.media-amazon.com/images/I/61YKgtB2FaL._AC_UL320_.jpg,https://www.amazon.com/dp/B0B8X8DFZQ,4.2,15,9.99,19.99,Headphones & Earbuds,FALSE,0
B09YY82SZB,Link Dream Kids Bluetooth Headphones with Microphone for School On-Ear Headphone Toddler Children Wireless Headphone Headset with LED Lights Compatible with Cellphone/Computer/Tablet/iPad (Pink),https://m.media-amazon.com/images/I/61YkSOv12xL._AC_UL320_.jpg,https://www.amazon.com/dp/B09YY82SZB,4.8,103,23.99,0,Headphones & Earbuds,FALSE,0
B0C2BCCHV9,"AUOUA Life On Music Bluetooth Headphones Over Ear, Stereo Bass Wireless Headset with Mic, Bluetooth 5.2 Headphone for iPad/Travel/Gym/Tablet/Cell Phone/PC (Silver +Black)",https://m.media-amazon.com/images/I/71PkWQcnfgL._AC_UL320_.jpg,https://www.amazon.com/dp/B0C2BCCHV9,3.8,120,14.49,15.29,Headphones & Earbuds,FALSE,0
B0BN67JZ3K,Open-Ear True Wireless Stereo Headphones Over Ear Air Conduction Loud And Clear Headset Wireless Hands-Free Pain Free Headphones For Cycling Driving Hiking Students Ears Pain-Free Earphone (Black),https://m.media-amazon.com/images/I/519P5rb+QGL._AC_UL320_.jpg,https://www.amazon.com/dp/B0BN67JZ3K,3.2,5,9.9,0,Headphones & Earbuds,FALSE,0
B0BL73CF6M,"Soundcore by Anker Life Note 3S True Wireless Earbuds, Powerful Sound, 4 Mics for Clear Calls, Superior Comfort, Wireless Charging, 35H Playtime with Fast Charging, Soundcore App (Renewed)",https://m.media-amazon.com/images/I/51RCWaNJ2mL._AC_UL320_.jpg,https://www.amazon.com/dp/B0BL73CF6M,3.7,33,29.99,45.48,Headphones & Earbuds,FALSE,0
B0BZC9H74L,Houstic Open Ear Headphones Clip On Wirelss Earbuds Bone Conduction Sport Earbuds Bluetooth 5.3 Built-in Microphone LED Power Display for Workout Cycling Running Gym Black,https://m.media-amazon.com/images/I/61cUfNod3FL._AC_UL320_.jpg,https://www.amazon.com/dp/B0BZC9H74L,3.6,43,15.99,32.99,Headphones & Earbuds,FALSE,0
B0BCXF1HVB,"Cubitt True Wireless Earbuds Generation 2, 5.3 Bluetooth, IPX5 Water reistance, Premium Sound, Touch Control, Built in Microphone, Voice Assistance, Game Mode for Men and Women (Black)",https://m.media-amazon.com/images/I/51Lou7A8h+L._AC_UL320_.jpg,https://www.amazon.com/dp/B0BCXF1HVB,4.6,17,34.95,0,Headphones & Earbuds,FALSE,0
B08FWQK82C,harman/kardon Fly True Wireless IE Headphones Black (Renewed),https://m.media-amazon.com/images/I/61IaYK77w9L._AC_UL320_.jpg,https://www.amazon.com/dp/B08FWQK82C,3.5,8,55.99,74.7,Headphones & Earbuds,FALSE,0
B0B9RY7R8N,Bluetooth Earpiece Trucker Bluetooth Headset with Microphone Phone Earpiece Wireless Bluetooth for Cell Phones ENC Single Ear Waterproof Bluetooth Headset Hands Free for Office Business Driving Black,https://m.media-amazon.com/images/I/51mbwksVD4L._AC_UL320_.jpg,https://www.amazon.com/dp/B0B9RY7R8N,4.4,5,29.99,0,Headphones & Earbuds,FALSE,0
B0CG5Z35WS,"Sleep Headphones 2023 Version Bluetooth Headband Headphones for Sleeping with Ultra-Thin HD Speaker&Mic, Best Gift for Side Sleepers/Yoga/Travel/Running and Insomniac - Unisex",https://m.media-amazon.com/images/I/81yFSbdTGpL._AC_UL320_.jpg,https://www.amazon.com/dp/B0CG5Z35WS,4.3,16,19.88,0,Headphones & Earbuds,FALSE,0
B0C8T7L227,"Kingjet Compatible for Brother LC406 Ink Cartridges Replacement for LC406 LC406XL for Brother MFC-J4335DW MFC-J4345DW MFC-J4535DW MFC-J5855DW MFC-J5955DW MFC-J6555DW MFC-J6955DW Printer, 4 Pack",https://m.media-amazon.com/images/I/71zkIhKofEL._AC_UL320_.jpg,https://www.amazon.com/dp/B0C8T7L227,0,0,89.99,99.99,Office Electronics,FALSE,50
B07YWSZQCN,"E-Z Ink (TM Compatible Toner Cartridge Replacement for Samsung 406 406S CLT-K406S CLT-C406S CLT-M406S CLT-Y406S to use with Xpress C460W C410W (1 Black, 1 Cyan, 1 Magenta, 1 Yellow, 4 Pack)",https://m.media-amazon.com/images/I/711z6ABzODL._AC_UL320_.jpg,https://www.amazon.com/dp/B07YWSZQCN,4.5,798,57.99,62.99,Office Electronics,FALSE,50
B0BX8TQRVQ,"128A Toner Cartridges 4 Pack Replacement for HP 128A Works with Pro Color CP1525n CP1525nw CM1415fnw CM1415fn Printer Ink (Black,Cyan, Magenta, Yellow)",https://m.media-amazon.com/images/I/81p9rdrPw+L._AC_UL320_.jpg,https://www.amazon.com/dp/B0BX8TQRVQ,5,3,118.99,0,Office Electronics,FALSE,0
B07WR4W933,"Basic Calculator Dual Power 8 Digit Desktop Calculator (Black,Set of 5)",https://m.media-amazon.com/images/I/71SyAePl6DL._AC_UL320_.jpg,https://www.amazon.com/dp/B07WR4W933,4.2,241,12.99,0,Office Electronics,FALSE,100
B07RSL84S6,Texas Instruments Ti-84 Plus Graphing Calculator - Black (Renewed),https://m.media-amazon.com/images/I/71d-WxZapcL._AC_UL320_.jpg,https://www.amazon.com/dp/B07RSL84S6,4.5,159,91.19,105.89,Office Electronics,FALSE,50
B0BNNF32DT,"Label Makers - B1 Thermal Label Printer 2 Inch Portable Bluetooth Label Maker with Tape,Support with Phones&PC,Easy to Use for Office,Home,Business,Clothing,Address,Mailing(with 1 Roll Label)",https://m.media-amazon.com/images/I/61UcGFhGw0L._AC_UL320_.jpg,https://www.amazon.com/dp/B0BNNF32DT,4.6,17,45.99,0,Office Electronics,FALSE,50
B086LGMY95,"Poly - Studio X30 (Polycom) with TC8 Touch Controller - 4K Video & Audio Bar - Conferencing System for Small Meeting Rooms - Works with Teams, Zoom & More",https://m.media-amazon.com/images/I/61mOtVeXdUL._AC_UL320_.jpg,https://www.amazon.com/dp/B086LGMY95,4.2,8,1938.53,0,Office Electronics,FALSE,0
B0C1Z7PXFM,"Replacement for HP Ink Cartridge for 65 65XL HP65 XL Black Color Combo for Envy 5000 5055 5052 5014 DeskJet 3755 3700 3772 3752 2622 2652 2600 Printer,HP65XL",https://m.media-amazon.com/images/I/71i7HpM7R4L._AC_UL320_.jpg,https://www.amazon.com/dp/B0C1Z7PXFM,4.7,59,26.99,0,Office Electronics,FALSE,100
B0C4LFWJ8P,"932xl 933xl Compatible Ink Cartridge (4 Pack) Replacement for 932XL 933XL 932 933 High Yield, Use with Officejet 6700 6600 7612 6100 7610 7110 Printer (1 Black 1 Cyan 1 Magenta 1 Yellow)",https://m.media-amazon.com/images/I/71iPQng3RxL._AC_UL320_.jpg,https://www.amazon.com/dp/B0C4LFWJ8P,4,17,28.87,0,Office Electronics,FALSE,100
B089B425D5,"E-Z Ink (TM Compatible Toner Cartridge Replacement for HP 26A CF226A 26X CF226X to use with M402dn M402dw M426fdw M426fdn Printer (Black, 4 Pack)",https://m.media-amazon.com/images/I/81aNdbSOp4L._AC_UL320_.jpg,https://www.amazon.com/dp/B089B425D5,4.5,87,65.99,0,Office Electronics,FALSE,50
B0B9WB7DQZ,822XL Remanufactured Ink Cartridge Replacement for Epson 822XL Ink Cartridges Combo Pack Epson 822 XL T822XL Epson 822XL Ink Cartridges to use with Pro WF-3820 WF-4820 WF-4830 WF-4833 PrinterÔºà4 PackÔºâ,https://m.media-amazon.com/images/I/71zl6h2YiLL._AC_UL320_.jpg,https://www.amazon.com/dp/B0B9WB7DQZ,3.9,315,68.99,75.99,Office Electronics,FALSE,50
B0CDPX6J9P,"[Auto Focus/Keystone]Smart Projector 4K with Android TV.1300ANSI 4K+ Projector with WiFi 6 & Bluetooth 5.2 .Home Movie Outdoor Projector with Netfix/Prime Bulit-in,20W Speakers,50%Zoom.500""display",https://m.media-amazon.com/images/I/81hFh0XUpUL._AC_UL320_.jpg,https://www.amazon.com/dp/B0CDPX6J9P,4.4,4,399.99,439.99,Office Electronics,FALSE,0
B0000DHVLE,"Crosley CR56-RE 1950's Payphone with Push Button Technology, Red",https://m.media-amazon.com/images/I/71HVM+CfNuL._AC_UL320_.jpg,https://www.amazon.com/dp/B0000DHVLE,4.5,768,74.95,89.95,Office Electronics,FALSE,50
B0BL6H6HY1,054 054H Black Toner 2-Pack Compatible Replacement for Canon 054 CRG054 Color ImageCLASS MF642Cdw MF644Cdw MF641Cw LBP622Cdw MF642 MF644 Printer Ink,https://m.media-amazon.com/images/I/71p5J4QhysL._AC_UL320_.jpg,https://www.amazon.com/dp/B0BL6H6HY1,3.5,11,64.99,0,Office Electronics,FALSE,50
B015DPX04O,LD Products Remanufactured Replacement for Epson 220XL Ink Cartridges 220 XL (T220XL220 Cyan T220XL320 Magenta T220XL420 Yellow 3-Pack) for XP-320 XP 420 XP-424 WF-2630 WF-2650 WF2660 WF-2750 WF-2760,https://m.media-amazon.com/images/I/71UhgtLwxHL._AC_UL320_.jpg,https://www.amazon.com/dp/B015DPX04O,4.3,1053,15.95,22.79,Office Electronics,FALSE,100
B073R2SPR3,Emergency Wall Telephone Pre-programmed to Auto Dial 911 - RED,https://m.media-amazon.com/images/I/41j9GSLlnGL._AC_UL320_.jpg,https://www.amazon.com/dp/B073R2SPR3,4.3,52,109.99,0,Office Electronics,FALSE,50
B097P18B56,"TECDIGBO Mini WiFi Projector 6500Lumens 1080P & 200"" Screen Supported Video Projector Home Theater Movie 55000Hrs, Compatible with TV Stick, HDMI, AV, USB,iOS & Android ‚Ä¶",https://m.media-amazon.com/images/I/71hBcv1iJmL._AC_UL320_.jpg,https://www.amazon.com/dp/B097P18B56,3.6,31,45.99,49.99,Office Electronics,FALSE,50
B097HK3H31,"Calculator, Standard Function Desktop Calculator with 12-Digit Large LCD Display and Big Sensitive Computer Keys, Solar Battery Dual Power CalculatorÔºåEasy to use Basic Calculator",https://m.media-amazon.com/images/I/71ZLSrdfiVS._AC_UL320_.jpg,https://www.amazon.com/dp/B097HK3H31,4.6,383,12.79,0,Office Electronics,FALSE,100
B06WVC73GT,GEILIENERGY BT-1007 Cordless Phone Battery Compatible with Uniden BT1007 BT904 BT-904 BT1015 BT-1015 BBTY0651101 BBTY0460001 BBTY0510001 BBTY0624001 BBTY0700001 HHR-P506 HHR-P506A(3-Pack),https://m.media-amazon.com/images/I/71GQiXuP48L._AC_UL320_.jpg,https://www.amazon.com/dp/B06WVC73GT,4.6,915,9.99,0,Office Electronics,FALSE,0
B00M7S3F4Q,Texas Instruments TI BA II Plus Professional Financial Calculator - 10 Character(s) - LCD - Battery Powered IIBAPRO/CLM/4L1/A,https://m.media-amazon.com/images/I/61TCp5VnejL._AC_UL320_.jpg,https://www.amazon.com/dp/B00M7S3F4Q,4.7,209,58.8,0,Office Electronics,FALSE,50
B01KFR25MI,"greencycle Compatible Canon 137 CRG137 9435B001AA Toner Cartridge Replacement for Canon ImageClass MF232w MF216n MF227dw Mf244dw MF247dw MF249dw Mf242dw D570 LBP151dw Laser Printer (Black, 4 Pack)",https://m.media-amazon.com/images/I/71qubnPw93L._AC_UL320_.jpg,https://www.amazon.com/dp/B01KFR25MI,4.3,119,43.25,47.65,Office Electronics,FALSE,50
B015FXZ5YW,HP D9P29A Laserjet Pro 550-Sheet Feeder Tray,https://m.media-amazon.com/images/I/41ORK2Ly23L._AC_UL320_.jpg,https://www.amazon.com/dp/B015FXZ5YW,3.9,46,129,0,Office Electronics,FALSE,0
B09SKX9CQC,Sangyn Retro Landline Telephone Classic Rotary Design Old Fashioned Corded Desk Phone for Home and Office,https://m.media-amazon.com/images/I/61WlJoJEpAL._AC_UL320_.jpg,https://www.amazon.com/dp/B09SKX9CQC,4.4,176,39.98,0,Office Electronics,FALSE,50
B07T28MXMK,"Brainstorm ID Inkjet PVC Card Tray for Canon PIXMA TS82xx, TS83xx, and TS95xx Series Printers (Canon MP/Multi-Purpose Tray Printers)",https://m.media-amazon.com/images/I/81GpVI5fXsL._AC_UL320_.jpg,https://www.amazon.com/dp/B07T28MXMK,4.4,159,29.99,0,Office Electronics,FALSE,50
B07F12HB6T,INK E-SALE 4 Packs Remanufactured TN760 Toner Cartridge Replacement for Brother TN760 TN730 TN770 for HL-L2325DW HL-L2350DW HL-L2370DW DCP-L2550DW MFC-L2690DW MFC-L2710DW MFC-L2717DW MFC-L2750DW,https://m.media-amazon.com/images/I/71ViSw-gt7L._AC_UL320_.jpg,https://www.amazon.com/dp/B07F12HB6T,4.2,107,49.99,0,Office Electronics,FALSE,50
B0B685SMDL,812XL Ink Cartridges Combo Pack Remanufactured Ink Cartridge Replacement for EPSON 812 XL 812XL T812XL for Workforce WF-7840 WF-7820 EC-C7000 WF-7310 Printer (4 Pack) 812 Ink Cartridges,https://m.media-amazon.com/images/I/71BspWCMd8L._AC_UL320_.jpg,https://www.amazon.com/dp/B0B685SMDL,4,42,39.99,46.99,Office Electronics,FALSE,50
B07CX5T8TV,Aurora Professional Grade 14-Sheet Micro-Cut Paper and CD/Credit Card Shredder/ 30 Minutes Continuous Run Time (AU1410MA),https://m.media-amazon.com/images/I/519e89SRnHL._AC_UL320_.jpg,https://www.amazon.com/dp/B07CX5T8TV,4.7,802,127.65,0,Office Electronics,FALSE,0
B00KBZHD8Q,"E-Z Ink (TM Compatible Toner Cartridge Replacement for Brother TN350 TN-350 TN 350 to Use with Intellifax 2820 Intellifax 2920 HL-2070N HL-2040 DCP-7020 MFC-7820n (Black, 1Pack)",https://m.media-amazon.com/images/I/81eJ2BHJZ0L._AC_UL320_.jpg,https://www.amazon.com/dp/B00KBZHD8Q,4.4,987,23.99,28.99,Office Electronics,FALSE,100
B07ZQFPSCC,"Tosuny 1080P Portable HDMI Monitor, 10.1-Inch HD 16:9 LCD Screen Dual Speakers Computer Monitor Display with HDMI/VGA/BNC/AV/USB(US Plug)",https://m.media-amazon.com/images/I/61iFYWKxigL._AC_UL320_.jpg,https://www.amazon.com/dp/B07ZQFPSCC,3.3,8,75.85,0,Computer Monitors,FALSE,0
B07FSMQYLX,TFT LCD Display RGB LCD Display Module Kit Monitor Screen for Car AV Digital Photo Frame Multi-Function Car-Styling (3.5 inch Screen),https://m.media-amazon.com/images/I/61u9Qdtb7SL._AC_UL320_.jpg,https://www.amazon.com/dp/B07FSMQYLX,3.6,13,29.99,0,Computer Monitors,FALSE,0
B09KMWCWKQ,"LILLIPUT FA1016/C 10.1"" IPS FHD 1000:1 HDMI/VGA Supports 4K 30Hz Glass+Glass Technology Monitor (FA1016/C)",https://m.media-amazon.com/images/I/610m-1SiYUL._AC_UL320_.jpg,https://www.amazon.com/dp/B09KMWCWKQ,2.4,2,239,0,Computer Monitors,FALSE,0
B004MM3X92,"LG PHILIPS LP173WD1(TL)(C3) LAPTOP LCD SCREEN 17.3"" WXGA++ LED DIODE (or Compatible SUBSTITUTE REPLACEMENT LCD SCREEN)",https://m.media-amazon.com/images/I/71bVbsvP2FL._AC_UL320_.jpg,https://www.amazon.com/dp/B004MM3X92,3.8,110,68.99,0,Computer Monitors,FALSE,0
B0BMM1MN22,"Yunseity Portable Monitor 15.6 Inch, FHD 1080P HDR IPS Gaming Monitor with Type C HDMI, Dual Speakers External Computer Display for Phone Laptop PC Game Console, 178¬∞ Viewing Angle",https://m.media-amazon.com/images/I/818dXEGDUwL._AC_UL320_.jpg,https://www.amazon.com/dp/B0BMM1MN22,0,0,155.18,0,Computer Monitors,FALSE,0
B09ZPC33X1,NUOBESTY Computer Monitor Side Panel 2Pcs Computer Monitor Side Panel Acrylic Cat Memo Pads Sticky Message Board with Ruler Measurement for Laptop Computer PC Computer Screen Note Holder,https://m.media-amazon.com/images/I/51-Q8ED5IlL._AC_UL320_.jpg,https://www.amazon.com/dp/B09ZPC33X1,0,0,8.54,9.39,Computer Monitors,FALSE,0
B08ML3MM9M,"Demeras 3.5 inchTouch Screen 480x320 Colorful TFT LCD Touchscreen Monitor Portable HDMI Display for Pi,motherboards,Gaming Monitor",https://m.media-amazon.com/images/I/61HWk+DgeGL._AC_UL320_.jpg,https://www.amazon.com/dp/B08ML3MM9M,2.8,6,18.69,0,Computer Monitors,FALSE,0
B0B39CQ7C2,"GOWENIC 3.5 Inch IPS USB Mini Screen, 480x320 Computer Temp Monitor PC Sensor Panel Display, CPU RAM HDD Data Temperature Display 360ÔΩ∞ Rotation Type C Sub Screen for Computer Case",https://m.media-amazon.com/images/I/61K1Xq9-47L._AC_UL320_.jpg,https://www.amazon.com/dp/B0B39CQ7C2,2.8,5,30.5,0,Computer Monitors,FALSE,0
B0C4F8XGK9,VSDISPLAY 9.7 Inch IPS LCD Screen 2048x1536 9.7'' LP097QX1/LTL097QL01/HQ097QX1 with Type-C Mini HD-MI LCD Controller Board VS-RTD2556HC-V2,https://m.media-amazon.com/images/I/61iWeNzBxNL._AC_UL320_.jpg,https://www.amazon.com/dp/B0C4F8XGK9,2.3,3,65,69.99,Computer Monitors,FALSE,0
B09M8QTKDB,"LCD MONITORS V7 L238IPS-N 23.8"" Full HD LED 16:9 - Black",https://m.media-amazon.com/images/I/71vw4cMfvgL._AC_UL320_.jpg,https://www.amazon.com/dp/B09M8QTKDB,0,0,115.34,0,Computer Monitors,FALSE,0
B07Z4JBDCD,EBESTPANEL 349896-A01/349896-A02 New Inverter PF700 Series Drive Board,https://m.media-amazon.com/images/I/61gW5FIBsaL._AC_UL320_.jpg,https://www.amazon.com/dp/B07Z4JBDCD,0,0,225,0,Computer Monitors,FALSE,0
B081D7FHR1,E Mishan & Sons Inc Light MAG/Port/MNT 200LM,https://m.media-amazon.com/images/I/41PXitTF44S._AC_UL320_.jpg,https://www.amazon.com/dp/B081D7FHR1,0,0,18.99,0,Computer Monitors,FALSE,0
B094CCLN9X,LCDOLED Compatible with NV156FHM-N4T NV156FHM-N4L N156HCA-E5A B156HAN02.5 NV156FHM-N4H 15.6 inches FullHD 1920x1080 IPS LCD Display Screen Panel Replacement,https://m.media-amazon.com/images/I/61jVlMfW+SL._AC_UL320_.jpg,https://www.amazon.com/dp/B094CCLN9X,5,1,69.99,0,Computer Monitors,FALSE,0
B0CBV382YN,"CopGain P1M 14'' Portable Monitor for Laptop Screen Extender for 16.2'' MacBook, Designed for MacBook Screen Extender FHD 1080P IPS Display Plug and Play",https://m.media-amazon.com/images/I/81KEvtUb8PL._AC_UL320_.jpg,https://www.amazon.com/dp/B0CBV382YN,4.6,5,279,0,Computer Monitors,FALSE,0
B0BYFQTR42,"WOWNOVA Computer Hardware Temp Sensor Panel 8.8"" Monitor, PC Temperature Display, HD LCD Screen for PC Case Accessories Gaming Secondary Monitor, Compatible with Windows RPi (No-Touch)",https://m.media-amazon.com/images/I/41HjjmLPlHL._AC_UL320_.jpg,https://www.amazon.com/dp/B0BYFQTR42,2.7,3,119.99,0,Computer Monitors,FALSE,0
B08FJ27T5Z,"VSDISPLAY 10.3"" 10.3 Inch 1920x720 850nit LCD Screen HSD103KPW2-A10 with HD-MI USB SD LCD Controller Board,Multimedia supports MP4",https://m.media-amazon.com/images/I/61WKFhSeoqL._AC_UL320_.jpg,https://www.amazon.com/dp/B08FJ27T5Z,2.6,4,119.99,129.99,Computer Monitors,FALSE,0
B0B2QW89DR,"Vbestlife 7Inch Touchscreen Monitor for Raspberry Pi, Ultra HD 1024x600 Portable HDMI Monitor Touch Screen for Raspberry Pi Display, Support for Raspbian/Ubuntu/Kodi / Win10 IOT",https://m.media-amazon.com/images/I/413v+cGsEwL._AC_UL320_.jpg,https://www.amazon.com/dp/B0B2QW89DR,5,5,40.99,0,Computer Monitors,FALSE,0
B091XTCQ5H,"NexiGo 12.5 Inch Portable Monitor, Full HD 1080P IPS Computer Display, Stereo Speakers, USB Type-C HDMI Port for PC/PS4/Xbox/Switch, Included Smart Cover, Silver (Renewed)",https://m.media-amazon.com/images/I/71fBC2vMbEL._AC_UL320_.jpg,https://www.amazon.com/dp/B091XTCQ5H,3.5,3,119.99,0,Computer Monitors,FALSE,0
B0C4PL2R5R,Miktver 10.5 inch Portable Monitor,https://m.media-amazon.com/images/I/41bb3Vsr8RL._AC_UL320_.jpg,https://www.amazon.com/dp/B0C4PL2R5R,0,0,89.99,0,Computer Monitors,FALSE,0
B07DC2MJMQ,FULLCOM New 17.3 inch Screen Compatible with N173FGA-E34 C1/ N173FGA-E34 REV.C1 LTN173KT04-401 B173RTN02.2 LTN173KT04-L01 N173FGA-E44 Laptop Replacement Screen,https://m.media-amazon.com/images/I/61wPpIQLhzL._AC_UL320_.jpg,https://www.amazon.com/dp/B07DC2MJMQ,3.2,6,56.02,0,Computer Monitors,FALSE,0
B0B2RLF99Q,"VSDISPLAY 9.7 inch Portable HD-MI LCD Monitor 2048x1536 2K IPS Display with HD-MI Mini HD-MI Video Input,Built in Dual Speaker,Support 180¬∞ Image Rotatio",https://m.media-amazon.com/images/I/71t3WXiHBlL._AC_UL320_.jpg,https://www.amazon.com/dp/B0B2RLF99Q,2.6,4,83.99,0,Computer Monitors,FALSE,0
B07DGYLP3V,Fullcom New 15.6 inches Compatible with LP156WF4(SP)(L3) LP156WF4-SPL3 IPS FHD 1080P Laptop LED LCD Replacement Screen,https://m.media-amazon.com/images/I/21fK43CcoqL._AC_UL320_.jpg,https://www.amazon.com/dp/B07DGYLP3V,0,0,52.99,0,Computer Monitors,FALSE,0
B0B4J6WTSD,Keycaps 131 Keys XDA Profile PBT DYE-SUB Graffiti Cartoon Theme ANSI Layout with 6.25u Space Bar 1.75u/2u Shift Keycap Mechanical Keyboard,https://m.media-amazon.com/images/I/618VD67fNgL._AC_UL320_.jpg,https://www.amazon.com/dp/B0B4J6WTSD,0,0,15.99,25.99,Computer Monitors,FALSE,0
B0B1H7MCRT,FanyiTek HDMI VGA Controller Board eDP for 27 inch 2560x1440 2K LM270WQ1 SDA1 SDA2 30 pin WLED LCD Screen,https://m.media-amazon.com/images/I/61e2KyZJa5L._AC_UL320_.jpg,https://www.amazon.com/dp/B0B1H7MCRT,3.6,9,45.99,0,Computer Monitors,FALSE,0
B0BYZ58CB5,"Bnztruk 21.5 inch 1080P 75Hz Computer Monitor Full HD IPS Display with HDMI&VGA Ultra-Slim Bezel Eye Care LED Display for Home Office and Business,VESA75*75mm Mount",https://m.media-amazon.com/images/I/71eiQp0cC+L._AC_UL320_.jpg,https://www.amazon.com/dp/B0BYZ58CB5,4.1,13,105.99,0,Computer Monitors,FALSE,0
B08P8NWPFH,"12.3 inch Portable Monitor, 16:9 Computer Display 2160x1440 Full HD IPS Screen, HDMI/VGA Gaming Monitor for Computers, Microscopes, DVDs, Camcorders(2K)",https://m.media-amazon.com/images/I/71fCj8VEG3L._AC_UL320_.jpg,https://www.amazon.com/dp/B08P8NWPFH,0,0,100.33,0,Computer Monitors,FALSE,0
B09R9FVZ8F,"Industrial Grade SIM7600G-H 4G DTU USB UART/RS232/RS485 Multi Interfaces Communication, LTE Global Band Support @XYGStudy",https://m.media-amazon.com/images/I/61O-8VQIGVL._AC_UL320_.jpg,https://www.amazon.com/dp/B09R9FVZ8F,0,0,96.99,0,Computer Monitors,FALSE,0
B0C1W5Z326,"waveshare 5inch DSI Touch LCD Display, 800 x 480 Capacitive Touch IPS Screen, 160¬∞ Viewing Angle, Adjustable Brightness Via Software, for Raspberry Pi 4B/3B+/3A+/3B/2B/B+/A+, Compute Module 4/3/3+",https://m.media-amazon.com/images/I/617g3V5UdkL._AC_UL320_.jpg,https://www.amazon.com/dp/B0C1W5Z326,5,1,42.79,0,Computer Monitors,FALSE,0
B0CDFSF9VD,"Torich Smart Watches for Women with Diamonds, 100+ Sport Modes,Sport Fitness Tracker, Alexa Built-in(Answer/Make Call),Menstrual Cycle Monitoring Tracker, 2 Straps, Android iOS (Gold)",https://m.media-amazon.com/images/I/81ueC3oBvxL._AC_UL320_.jpg,https://www.amazon.com/dp/B0CDFSF9VD,0,0,59.99,0,Wearable Technology,FALSE,0
B0C161KXKP,"Smart Watch Answer Make Calls, 1.83‚Äò‚Äô Watch Screen 2023 Fitness Watches with 37 Sports Blood Oxygen Heart Rate Sleep Monitor, SmartWatch for Women Men for Android iOS Phones (Black)",https://m.media-amazon.com/images/I/714ga6RSF3L._AC_UL320_.jpg,https://www.amazon.com/dp/B0C161KXKP,3.9,28,19.99,0,Wearable Technology,FALSE,0
B0C371352Z,2 Pack Stretchy Nylon Watch Bands Compatible with Amazfit Bip U Pro/Bip 3/Bip/Bip Lite/Bip S/Bip S lite/Bip U/ /Bip 3 Pro. 20MM Loop Elastic Straps for Amazfit GTS/GTS 4/4 mini/GTS 2/2e/2 mini/GTS 3 for Women Men,https://m.media-amazon.com/images/I/81pqeP4is5L._AC_UL320_.jpg,https://www.amazon.com/dp/B0C371352Z,4.2,50,8.99,9.99,Wearable Technology,FALSE,0
B08ZKNKB4F,"VIQIV Boho Hippie Bands Compatible with Apple Watch Ultra Band 38mm 40mm 41mm 42mm 44mm 45mm 49mm iwatch SE Series 8 7 6 5 4 3 2 1 for Women Girls, Fancy Turquoise Studs Leather Cuff Bracelets Metallic Wristband Strap Accessories",https://m.media-amazon.com/images/I/81fPnyz8xJL._AC_UL320_.jpg,https://www.amazon.com/dp/B08ZKNKB4F,4,320,18.99,0,Wearable Technology,FALSE,0
B0C7C88M2S,"KADES Solid Stainless Steel Band Compatible with Apple Watch 49mm 45mm 44mm 42mm 41mm 40mm 38mm, Metal Strap for Apple Watch Ultra 2/1, Apple Watch Series 9/8/7/6/5/4/SE/SE2022/3/2/1 for Women and Men",https://m.media-amazon.com/images/I/716J7ry-dCL._AC_UL320_.jpg,https://www.amazon.com/dp/B0C7C88M2S,5,2,15.99,0,Wearable Technology,FALSE,0
B0BJPTDK73,TEZILON 4G Kids GPS Smart Watch Phone Video Call SOS Emergency Alarm Voice Message Camera Waterproof Tracker Watch Real-Time Tracking Geo-Fence Touch Screen Pedometer Anti-Lost Gift Blue,https://m.media-amazon.com/images/I/61LjymWhOQL._AC_UL320_.jpg,https://www.amazon.com/dp/B0BJPTDK73,3.5,71,79.99,0,Wearable Technology,FALSE,0
B082VVXN9J,"Fintie Metal Band Compatible with Garmin Vivoactive 4 45mm, Garmin Venu 2 45mm, Forerunner 255 46mm, 22mm Quick Release Stainless Steel Metal Strap Accessories",https://m.media-amazon.com/images/I/61HAqM84M+L._AC_UL320_.jpg,https://www.amazon.com/dp/B082VVXN9J,4.4,54,14.99,0,Wearable Technology,FALSE,0
B07N2M5J84,"QGHXO Band for Suunto D4 / D4i, Classic Replacement Soft Wristband for Suunto D4 / D4i Novo Watch, Fits 5.7 inches-8.6 inches (145mm-220mm) Wrist",https://m.media-amazon.com/images/I/61vTEeXFLNL._AC_UL320_.jpg,https://www.amazon.com/dp/B07N2M5J84,4.1,59,19.99,0,Wearable Technology,FALSE,0
B0CHJ5KW2R,"Lamshaw Compatible for Amazfit Balance Screen Protector, [3 Pack] 9H Tempered Glass Screen Protector Film Compatible for Amazfit Balance Smartwatch (3 pack)",https://m.media-amazon.com/images/I/81w8EEEi7SL._AC_UL320_.jpg,https://www.amazon.com/dp/B0CHJ5KW2R,0,0,10.99,0,Wearable Technology,FALSE,0
B0C5R2QYX4,"Compatible with TOOBUR Smart Watch Band, Lamshaw New Soft Silicone Sport Replacement Straps Compatible for TOOBUR IDW13 1.8"" Smart Watch/TEMINICE IDW13 1.8"" Smart Watch/VRPEFIT IDW13 1.8"" Watch/Konitee IDW13 1.8"" Smart Watch/Gydom IDW13 1.8"" Smart Watch/Faweio IDW13 1.8"" Smart Watch/Woneligo W3 1.8 Watch",https://m.media-amazon.com/images/I/61EKDLJZOdL._AC_UL320_.jpg,https://www.amazon.com/dp/B0C5R2QYX4,3.5,2,16.99,0,Wearable Technology,FALSE,0
B091J4T8YM,"Kuaguozhe Sport Nylon Loop Bands Compatible with ID205L Veryfitpro Smart Watch and ID205 ID205G ID205U ID205S ID215G, Soft Breathable Replacement Wristband Sport Strap for Women Men",https://m.media-amazon.com/images/I/71q3qadxF3L._AC_UL320_.jpg,https://www.amazon.com/dp/B091J4T8YM,4.2,1132,11.99,0,Wearable Technology,FALSE,0
B0C2PWBZWX,"Military Smart Watches for Men with Bluetooth Call 1.43"" AMOLED Always On Display Rugged Outdoor Tactical Smartwatch with Heart Rate Blood Pressure Sleep Monitor Sports Fitness Watch for Android iOS",https://m.media-amazon.com/images/I/71lLZyXSU8L._AC_UL320_.jpg,https://www.amazon.com/dp/B0C2PWBZWX,4.1,31,59.99,0,Wearable Technology,FALSE,0
B0C1QCG3M1,"Cape Diablo Amazonite Protection Handmade Apple Watch Bracelet for Women - Crystal Band -Beaded Smart Watch Bracelet for Apple Models 4, 5, 6, 7, 8, SE - 38mm/40mm/41mm/42mm/44mm/45mm",https://m.media-amazon.com/images/I/61fMTdFPKnL._AC_UL320_.jpg,https://www.amazon.com/dp/B0C1QCG3M1,4.3,8,42,0,Wearable Technology,FALSE,0
B0C6TR5GHS,"MAKCPOIMER Watch Adapter for holding Carnival Ocean Medallion,2/3 Pack Princess Cruise Medallion Holder Accessories",https://m.media-amazon.com/images/I/51eu5kZguiL._AC_UL320_.jpg,https://www.amazon.com/dp/B0C6TR5GHS,4.2,23,10.99,11.99,Wearable Technology,FALSE,0
B09P178L3B,"Lewungiu Resin Band Compatible with Samsung Galaxy 5 & 4 Band, Watch 4 Classic 42 /Watch 5 Pro/Active 2 40mm 44mm /Galaxy watch 3 41mm/ Garmin Vivoactive 3 , Galaxy Watch 42mm,20mm Quick Release crystal Band Women men",https://m.media-amazon.com/images/I/51LBT8aEWrL._AC_UL320_.jpg,https://www.amazon.com/dp/B09P178L3B,4.2,282,11.99,0,Wearable Technology,FALSE,0
B095PZZLBD,"ZSZCXD Compatible for Amazfit T-rex Band, Adjustable Sport Silicone Replacement Strap Wristband for Amazfit T-Rex/Amazfit T-Rex Pro (8 Colors)",https://m.media-amazon.com/images/I/71DwhzOeXVS._AC_UL320_.jpg,https://www.amazon.com/dp/B095PZZLBD,4.5,51,19.99,0,Wearable Technology,FALSE,0
B0CH9MSRBG,"Vanjua Bands for Amazfit Bip 3 / Bip 3 Pro Band Women Men, Amazfit Bip U Pro / Bip / Bip Lite / Bip S / Bip S lite / Bip U, 20mm Quick Release Soft Silicone Replacement Strap for Amazfit GTR mini / GTS 4 / GTS 4 Mini / GTS 3 / GTS 2 / GTS 2e / GTS 2 mini / GTS Smart Watch",https://m.media-amazon.com/images/I/61D+OvPyUlL._AC_UL320_.jpg,https://www.amazon.com/dp/B0CH9MSRBG,0,0,6.99,0,Wearable Technology,FALSE,0
B0BG87WTNX,"Anrir for Garmin Vivoactive 4S Watch Band, 18mm Soft Silicone Band for Garmin Vivomove 3S 39mm, Fossil Women's Gen 6/5E 42mm, Fossil Q Venture Gen 4 HR/Gen 3, Fossil Women's Sport 41mm Bands-3 Pack",https://m.media-amazon.com/images/I/81rydQbeveL._AC_UL320_.jpg,https://www.amazon.com/dp/B0BG87WTNX,4.2,86,13.99,0,Wearable Technology,FALSE,0
B0C89ZSZBX,"Aemus Compatible for KOSPET TANK T2 Screen Protector (3 Pack) 9H Tempered Glass Film Compatible for AMAZTIM T2 1.43"" Smart Watch",https://m.media-amazon.com/images/I/51Nb-qhOwhL._AC_UL320_.jpg,https://www.amazon.com/dp/B0C89ZSZBX,4.2,4,8.28,0,Wearable Technology,FALSE,0
B0BZS1VP21,"Leather Band for Fitbit Versa 2 Bands/Fitbit Versa Band/Fitbit Versa SE/Versa Lite Smart Watch Wristbands for Women Men, Adjustable Soft Leather Replacement Strap",https://m.media-amazon.com/images/I/71G-ALmlxDL._AC_UL320_.jpg,https://www.amazon.com/dp/B0BZS1VP21,4.5,38,11.99,0,Wearable Technology,FALSE,0
B0BZ3D1DQ4,"SUNITEC Bluetooth Single-Ear Headset, Bluetooth Cell Phone earpiece, Dual Microphone Wireless Headset for Computer- Compatible to Connect to Your PC Mac - Works with Teams, Zoom - Black BH830",https://m.media-amazon.com/images/I/61QuAxeNLgL._AC_UL320_.jpg,https://www.amazon.com/dp/B0BZ3D1DQ4,4.4,7,45.98,0,Wearable Technology,FALSE,0
B0BWJC412T,"iPad Pro 11 inch Case with Keyboard, Stain Resistant Cover, 7-Color Backlit, Smart Touchpad, 2 Device Connection, for iPad Pro 11 (4th/3rd/2nd/1st Gen), Pink Blush",https://m.media-amazon.com/images/I/71FroRZTePL._AC_UL320_.jpg,https://www.amazon.com/dp/B0BWJC412T,4.3,0,42.98,0,Computers,FALSE,0
B01M0AADIX,Seagate BarraCuda 5TB Internal Hard Drive HDD ‚Äì 2.5 Inch SATA 6Gb/s 5400 RPM 128MB Cache for Computer Desktop PC (ST5000LM000),https://m.media-amazon.com/images/I/91QeZSFnFwL._AC_UL320_.jpg,https://www.amazon.com/dp/B01M0AADIX,4.4,0,139.64,219.99,Computers,FALSE,0
B07HBDX2CM,"Yubico - YubiKey 5 Nano - Two-factor authentication (2FA) security key, connect via USB-A, compact size, FIDO certified - Protect your online accounts",https://m.media-amazon.com/images/I/51GAcuuCY0L._AC_UL320_.jpg,https://www.amazon.com/dp/B07HBDX2CM,4.6,0,60,0,Computers,FALSE,0
B0BY6YRT41,ASRock B650M-HDV/M.2 Supports AMD Socket AM5 Ryzen 7000 Series Processors,https://m.media-amazon.com/images/I/81sUb3eg3YL._AC_UL320_.jpg,https://www.amazon.com/dp/B0BY6YRT41,4.3,0,124.99,159.99,Computers,FALSE,0
B08PPZMDPK,"2020 Apple MacBook Pro with Apple M1 Chip (13-inch, 8GB RAM, 256GB SSD Storage) Space Gray (Renewed)",https://m.media-amazon.com/images/I/61wXxWPCSQL._AC_UL320_.jpg,https://www.amazon.com/dp/B08PPZMDPK,4.6,0,815,0,Computers,FALSE,0
B0B6WRGDPL,"Dell 2022 Newest Inspiron 3511 Laptop, 15.6"" FHD Touchscreen, Intel Core i5-1135G7, 16GB DDR4 RAM, 512GB PCIe SSD, SD Card Reader, Webcam, HDMI, Wi-Fi, Windows 11 Home, Black",https://m.media-amazon.com/images/I/71I8QUVcEpL._AC_UL320_.jpg,https://www.amazon.com/dp/B0B6WRGDPL,4.1,0,529.98,613,Computers,FALSE,0
B095S8XZZ2,"for iPad 6th/5th Generation Cases 2018/2017, iPad Air 2 Case 2014 9.7 inch, Heavy Duty Shockproof Rugged Protective iPad 5 6 Gen 9.7"" Case with Stand for Kids Boys Children (Red+Blue)",https://m.media-amazon.com/images/I/71ttKDHhwQL._AC_UL320_.jpg,https://www.amazon.com/dp/B095S8XZZ2,4.5,0,19.99,29.99,Computers,FALSE,0
B0BVQ3QW77,"2023 Tablet 10.1 Inch 2 in 1 Android Tablet with keyboard Octa-Core Processor 128GB Storage 1TB Expandable, 13+8MP Dual Camera, Newest Tablets PC with Case Mouse Stylus Support 5G WiFi, IPS FHD Screen",https://m.media-amazon.com/images/I/71JUZ-kVW-L._AC_UL320_.jpg,https://www.amazon.com/dp/B0BVQ3QW77,4.6,0,189.98,0,Computers,FALSE,0
B0087X728K,Arctic Silver 5 AS5-3.5G Thermal Paste,https://m.media-amazon.com/images/I/51j1esTqKQL._AC_UL320_.jpg,https://www.amazon.com/dp/B0087X728K,4.8,0,7.16,8.75,Computers,FALSE,0
B09DKG9JPP,"Microsoft Surface Go 3 - 10.5"" Touchscreen - Intel¬Æ Pentium¬Æ Gold - 4GB Memory - 64GB eMMC - Device Only - Platinum (Latest Model)",https://m.media-amazon.com/images/I/51AZDEVuWRL._AC_UL320_.jpg,https://www.amazon.com/dp/B09DKG9JPP,4.1,0,400.18,0,Computers,FALSE,0
B0863F794B,Apple Magic Keyboard for 12.9-inch iPad Pro (Previous Version) - US English,https://m.media-amazon.com/images/I/61jHLgXIH4L._AC_UL320_.jpg,https://www.amazon.com/dp/B0863F794B,4.8,0,217.89,349,Computers,FALSE,0
B09JND27DJ,"NETGEAR Orbi AX5700 Whole Home Tri-Band Mesh Wi-Fi 6 System (RBK843S) Router with 2 Satellite Extenders (Coverage Up to 7,500 SQ FT, 100 Devices, Up to 5.7Gbps, RBK843S)",https://m.media-amazon.com/images/I/51NP1tcdbiL._AC_UL320_.jpg,https://www.amazon.com/dp/B09JND27DJ,4.5,0,414.99,0,Computers,FALSE,0
B09BC8DH15,"2Pack Cleaning Gel Universal Dust Cleaner for Car Vent Keyboard Cleaning Slime Dashboard Cleaning Putty Auto Dust Cleaning Kit for Computer Cleaning and Car Detailing, Blue",https://m.media-amazon.com/images/I/71EhyugRfmL._AC_UL320_.jpg,https://www.amazon.com/dp/B09BC8DH15,4.2,0,9.89,13.99,Computers,FALSE,1000
B0B9H3G5P7,"Anti Theft Business Backpack Fits 15.6 Inch Laptop,Smart Work Backpack with USB Charging Port for Office Work Airplane Business Travel",https://m.media-amazon.com/images/I/61KI1GnYg-L._AC_UL320_.jpg,https://www.amazon.com/dp/B0B9H3G5P7,4.5,0,73.99,0,Computers,FALSE,400
B07V67STBD,Amicool External DVD Drive USB 3.0 USB C CD Burner CD/DVD +/-RW Optical Drive Slim Portable DVD CD ROM Rewriter Writer Duplicator for Laptop Desktop PC Windows 10/8/7 MacBook Mac Linux OS Apple,https://m.media-amazon.com/images/I/71Cn+mSQuwS._AC_UL320_.jpg,https://www.amazon.com/dp/B07V67STBD,4.4,0,23.89,26.99,Computers,FALSE,0
B09JPK5VJR,"Acer Aspire 5 A515-46-R3CZ Slim Laptop | 15.6"" Full HD IPS | AMD Ryzen 7 3700U Quad-Core Mobile Processor | 8GB DDR4 | 256GB NVMe SSD | WiFi 6 | Backlit KB | Fingerprint Reader | Windows 11 Home",https://m.media-amazon.com/images/I/71FoZZ2mGtL._AC_UL320_.jpg,https://www.amazon.com/dp/B09JPK5VJR,4.5,0,469.49,649.99,Computers,FALSE,0
B0869L1326,"ASUS VivoBook 15 Thin and Light Laptop, 15.6‚Äù FHD Display, Intel i3-1005G1 CPU, 8GB RAM, 128GB SSD, Backlit Keyboard, Fingerprint, Windows 10 Home in S Mode, Slate Gray, F512JA-AS34",https://m.media-amazon.com/images/I/81fstJkUlaL._AC_UL320_.jpg,https://www.amazon.com/dp/B0869L1326,4.5,0,368,419.99,Computers,FALSE,0
B0BZBZK4DS,"Logitech G Yeti GX Dynamic RGB Gaming Microphone with LIGHTSYNC, Blue VO!CE, G HUB Control, Supercardioid, USB Plug and Play on PC/Mac - Black",https://m.media-amazon.com/images/I/61sx4-ZdOnL._AC_UL320_.jpg,https://www.amazon.com/dp/B0BZBZK4DS,1.5,0,149.99,0,Computers,FALSE,0
B08H9PTT1F,TP-Link Deco-W2400 AC1200 Wireless Dual-Band Mesh Wi-Fi System 2-Pack - Certified Refurbished,https://m.media-amazon.com/images/I/516BolkwbkL._AC_UL320_.jpg,https://www.amazon.com/dp/B08H9PTT1F,4.4,0,55.6,59,Computers,FALSE,0
B0C3MBJWLK,"Dell Latitude 7000 7440 14"" Notebook - Full HD Plus - 1920 x 1200 - Intel Core i5 13th Gen i5-1335U Deca-core (10 Core) 900 MHz - Intel Evo Platform - 16 GB Total RAM - 16 GB On-Board Memory - 256 GB",https://m.media-amazon.com/images/I/514gBV5d1OL._AC_UL320_.jpg,https://www.amazon.com/dp/B0C3MBJWLK,0,0,1099.99,0,Computers & Tablets,FALSE,0
B0CCYB6VY7,"HP Envy 17 17.3"" FHD Touchscreen Business Laptop[Windows 11 Pro], Intel 12-Core i7-1260P, 32GB DDRR4 RAM, 1TB PCIe SSD, Iris Xe Graphic, Backlit KB, Numeric Keypad, BT 5.3, Fast Charge, w/Battery",https://m.media-amazon.com/images/I/71FUANJliLL._AC_UL320_.jpg,https://www.amazon.com/dp/B0CCYB6VY7,4.7,0,1149,0,Computers & Tablets,FALSE,0
B0BNN13L25,"HP 15 15.6"" FHD Touchscreen Laptop Computer, 11th Gen Intel 4-core i7-1165G7, 32GB RAM 1TB PCIe SSD, Intel Iris Xe Graphic, Numeric Pad, Bluetooth4.2, Fast Charge, Windows 11 Home(S Mode), w/Battery",https://m.media-amazon.com/images/I/71qWZoNx+7L._AC_UL320_.jpg,https://www.amazon.com/dp/B0BNN13L25,5,0,839,0,Computers & Tablets,FALSE,0
B0B8B1FMMK,"HP Laptop 17-cn2063cl, 17.3"" FHD (1920 x 1080) IPS, Intel Core i5-1235U up to 4.4GHz Processor, Intel Iris Xe Graphics, 12GB DDR4 RAM, 512GB PCIe SSD Storage, Windows 11 Home, Natural Silver (Renewed)",https://m.media-amazon.com/images/I/71P-Ilon3EL._AC_UL320_.jpg,https://www.amazon.com/dp/B0B8B1FMMK,4.3,0,499,0,Computers & Tablets,FALSE,0
B09K3N8J1B,Dell G15 15.6 Inch FHD 120Hz LED Gaming Laptop | AMD Ryzen 7 5800H Processor | 8GB RAM | 512GB SSD | NVIDIA GeForce RTX 3050 Ti | Backlit Keyboard | Wi-Fi 6 | Windows 10 Home | Gray,https://m.media-amazon.com/images/I/61ldNfgH46L._AC_UL320_.jpg,https://www.amazon.com/dp/B09K3N8J1B,4.3,0,980,0,Computers & Tablets,FALSE,0
B085LMQQLC,"HP Z240 Small Form Factor Worksation, Intel Quad Core i5-6500 up to 3.6GHz, 16G DDR4, 512G SSD, WiFi, BT 4.0, DVD, Windows 10 Pro 64 Bit-Multi-Language Supports English/Spanish/French(Renewed)",https://m.media-amazon.com/images/I/61CwfLAx7fL._AC_UL320_.jpg,https://www.amazon.com/dp/B085LMQQLC,3.8,0,120.6,0,Computers & Tablets,FALSE,0
B07K395FP2,"Microsoft Surface Pro 6 (Intel Core i7, 16GB RAM, 512 GB) Black",https://m.media-amazon.com/images/I/41tj-JYbB2L._AC_UL320_.jpg,https://www.amazon.com/dp/B07K395FP2,4.5,0,949,0,Computers & Tablets,FALSE,0
B07C3H4KSX,"DELL Optiplex 3010 TW Tower High Performance Business Desktop Computer, Intel Quad Core i5-3470 up to 3.6GHz, 8GB RAM, 2TB HDD, DVD, USB 3.0, WiFi, Windows 10 Pro (Renewed)']",https://m.media-amazon.com/images/I/71G+0z2CnNL._AC_UL320_.jpg,https://www.amazon.com/dp/B07C3H4KSX,4.2,0,100.98,106,Computers & Tablets,FALSE,0
B09322K33T,"Panasonic Toughbook CF-20, 10.1"" Multi Touch, 1920x1200, m5-6Y57@1.1GHz, 8GB RAM, 256GB SSD, Wi-Fi, Bluetooth, Webcam, Rear Camera, Emissive Backlit Keyboard, Barcode Reader, Win 10 Pro (Renewed)",https://m.media-amazon.com/images/I/81P2NiY6+8L._AC_UL320_.jpg,https://www.amazon.com/dp/B09322K33T,5,0,799.99,999.99,Computers & Tablets,FALSE,0
B0BRMV7B8Y,"Lenovo IdeaPad 3 15.6'' HD (Intel 11th Gen Core i3-1115G4,12GB RAM,512GB PCIe SSD,Intel UHD Graphics,Narrow Bezel) Home & Business Laptop,Wi-Fi 6,Webcam,IST HDMI Cable,Win 11 Home,Platinum Grey",https://m.media-amazon.com/images/I/81i3kqeM6AL._AC_UL320_.jpg,https://www.amazon.com/dp/B0BRMV7B8Y,4,0,459.98,0,Computers & Tablets,FALSE,0
B0C3MV57ZL,"ASUS 2022 VivoBook Go 14 Flip Thin and Light 2-in-1 Touch Laptop, Intel Celeron N4500 Processor, 4GB RAM, 64GB eMMC Flash Memory, Intel HD Graphics, HD Webcam, Quiet Blue, Win 11 S, 32GB USB Card",https://m.media-amazon.com/images/I/717CFJ+IFFL._AC_UL320_.jpg,https://www.amazon.com/dp/B0C3MV57ZL,4.1,0,239,0,Computers & Tablets,FALSE,0
B0CDHMGLG4,"2020 Apple MacBook Air with Apple M1 Chip with 8-Core CPU (13.3-inch, 8GB RAM, 1TB SSD Storage)(QWERTY English) Gold (Renewed)",https://m.media-amazon.com/images/I/413dXSg0vLL._AC_UL320_.jpg,https://www.amazon.com/dp/B0CDHMGLG4,0,0,842.68,0,Computers & Tablets,FALSE,0
B0CB8MGYD9,"hp Newest Pavilion 17.3"" HD+ Display Laptop Computer, 11th Gen Intel i3-1115G4(Up to 4.1GHz, Beat i5-8250U), 8GB DDR4 RAM, 256GB SSD+256GB USB, HDMI, USB 3.0, WiFi, Webcam, Windows 11S, JVQ",https://m.media-amazon.com/images/I/71zVfomIQqL._AC_UL320_.jpg,https://www.amazon.com/dp/B0CB8MGYD9,4.4,0,493.56,0,Computers & Tablets,FALSE,0
B0BHJC3X12,"Lenovo Legion 5 Pro 16"" Gaming LaptopÔºå 16"" WQXGA (2560x1600) 165HzÔºåAMD Ryzen 7-6800H, 32GB DDR5 RAM, 1TB SSD, RTX 3070 Ti 8GB GDDR6 TGP 150W, Win 11 Home, with HDMI",https://m.media-amazon.com/images/I/51AWZLz2ukL._AC_UL320_.jpg,https://www.amazon.com/dp/B0BHJC3X12,4.8,0,1649.95,0,Computers & Tablets,FALSE,0
B08KH4RVBM,"ASUS VivoBook S15 S533 Thin and Light Laptop, 15.6‚Äù FHD Display, Intel Core i7-1165G7 CPU, 16GB DDR4 RAM, 512GB PCIe SSD, Fingerprint Reader, Wi-Fi 6, Windows 10 Home, Dreamy White, S533EA-DH74-WH",https://m.media-amazon.com/images/I/71oRxpP3T0L._AC_UL320_.jpg,https://www.amazon.com/dp/B08KH4RVBM,4.4,0,949.99,0,Computers & Tablets,FALSE,0
B0B23XJ52H,"ASUS ExpertBook B5 Thin & Light Flip Business Laptop, 14‚Äù FHD, Intel Core i7-1195G7, 1TB SSD, 16GB RAM, All Day Battery, Enterprise-Grade Video Conference, NumberPad, Win 11 Pro, B5402FEA-XS75T",https://m.media-amazon.com/images/I/71nuYkmsEtL._AC_UL320_.jpg,https://www.amazon.com/dp/B0B23XJ52H,0,0,999.99,0,Computers & Tablets,FALSE,0
B0CBBGRBCF,"OUKITEL RT5 Rugged Tablet,10.1"" FHD+ Screen,11000mAh Large Battery,14GB RAM +256GB ROM(1TB Expandable),Android 13 Tablets,16MP+16MP Camera,4G Dual SIM/5G WiFi/GPS/OTG Waterproof Tablet PC (Black)",https://m.media-amazon.com/images/I/71sKD8JJ2oL._AC_UL320_.jpg,https://www.amazon.com/dp/B0CBBGRBCF,4.6,0,299.99,0,Computers & Tablets,FALSE,0
B08K8MVTX9,"32G MP3 Music Player Bluetooth 5.0, Full Touch Screen HiFi Lossless, Line-in Speaker, with line Recorder, FM Radio, Support up to 128 GB (Black)",https://m.media-amazon.com/images/I/51MFP88NpML._AC_UL320_.jpg,https://www.amazon.com/dp/B08K8MVTX9,3.8,0,39.99,0,Portable Audio & Video,FALSE,0
B08X6Z6KN2,Xiegu G90 HF Radio 20W SSB/CW/AM/FM SDR Structure with Built-in Auto Antenna Tuner,https://m.media-amazon.com/images/I/71-v4elhw1L._AC_UL320_.jpg,https://www.amazon.com/dp/B08X6Z6KN2,4.5,0,499,0,Portable Audio & Video,FALSE,0
B09JNKRQQ9,"6 FT USB to 3.5mm Audio Jack AdapterÔºåUSB 2.0 to 3.5mm AUX Stereo Audio CordÔºåCompatibility with Laptop, Speaker, Support WindowsÔºåNot Applicable to Charging and MP3, Truck, TV USB Ports (6FT, Grey)",https://m.media-amazon.com/images/I/71sAZIiDFEL._AC_UL320_.jpg,https://www.amazon.com/dp/B09JNKRQQ9,4.5,0,15.98,0,Portable Audio & Video,FALSE,0
B0BJJWZD8Z,"Small Portable Charger 5500mAh Power Bank Plug in iOS Connector, 18W PD Fast Charging External Battery Pack Compatible with All iPhone 14 13 12 11 pro max xs iPad and Airpods-Black",https://m.media-amazon.com/images/I/6192kKkyq7L._AC_UL320_.jpg,https://www.amazon.com/dp/B0BJJWZD8Z,4.2,0,19.8,29.8,Portable Audio & Video,FALSE,0
B0C5CMBKMH,"Signal Detector Jammer, Professional Anti Recording Blocker 18 Channel Phone Recording Interceptor 25m Shielding Radius for School, Office",https://m.media-amazon.com/images/I/51u74sdikFL._AC_UL320_.jpg,https://www.amazon.com/dp/B0C5CMBKMH,1.8,0,541.41,0,Portable Audio & Video,FALSE,0
B0C7VR3CK1,"Auto NOAA Emergency Weather Radio, 10000mAh Solar Hand Crank Radio,Portable Battery Operated LCD Display Radio with AM FM,Cellphone Charger,LED Flashlight,Clock, SOS Alert for Home Outdoors Survival",https://m.media-amazon.com/images/I/71aIX8Ci3eL._AC_UL320_.jpg,https://www.amazon.com/dp/B0C7VR3CK1,4.4,0,36.54,48.99,Portable Audio & Video,FALSE,0
B0BWY6GMMN,"USB Charging Station, ssouwao 8-Port Charging Station for Multiple Devices, USB Charger Station with LCD Display, Desktop USB Charger Hub for iPhone 14/13/12 Pro/Pro Max, iPad, Samsung, Galaxy",https://m.media-amazon.com/images/I/61vouD81zvL._AC_UL320_.jpg,https://www.amazon.com/dp/B0BWY6GMMN,4.6,0,15.99,0,Portable Audio & Video,FALSE,0
B0C8MYJXJ1,"Bluetooth Speaker, 70w Portable Wireless Bluetooth Speakers with Subwoofer, Colorful Lights, Microphone, FM Radio, Outdoor Speakers Bluetooth Wireless Loud Boom Box for Party, Camping, Travel",https://m.media-amazon.com/images/I/71pz-eGdyLL._AC_UL320_.jpg,https://www.amazon.com/dp/B0C8MYJXJ1,4.1,0,69.99,99.99,Portable Audio & Video,FALSE,0
B08L64HZ6K,HYS UHF VHF 2meter 70CM 21inches NMO Antenna with NMO Mount 4meter(13.1ft) PL259(UHF Male) RG58 Coax Cable and L Shape Fender Bracket Mount for Trunk Car Mobile Radio Transceiver,https://m.media-amazon.com/images/I/617d9k5Vj8L._AC_UL320_.jpg,https://www.amazon.com/dp/B08L64HZ6K,4.4,0,39.99,0,Portable Audio & Video,FALSE,0
B06XR9M1ZP,"Samsung DeX Station, Desktop Experience for Samsung Galaxy Note8 , Galaxy S8, S8+, S9, and S9+ W/ AFC USB-C Wall Charger (US Version with Warranty)",https://m.media-amazon.com/images/I/81h5p+q8VHL._AC_UL320_.jpg,https://www.amazon.com/dp/B06XR9M1ZP,4.2,0,44.55,0,Portable Audio & Video,FALSE,0
B0BW8PJPJ9,Charging Dock for Ultimate Ears UE Boom 3/Megaboom 3/Blast/Megablast Portable Bluetooth Speaker Charging Station (Black Charger Include),https://m.media-amazon.com/images/I/61tq4SAa+8L._AC_UL320_.jpg,https://www.amazon.com/dp/B0BW8PJPJ9,4.4,0,22.99,0,Portable Audio & Video,FALSE,0
B09TW8WT9F,"Wireless Charging Station for Samsung Galaxy Phone/Watch/Buds, 3 in 1 Foldable Charging Stand for Samsung S23 Ultra/S22/S21/S20/Note20/10/Galaxy Watch5/4/3/Classic/Active Buds+/Live with 18W Adapter",https://m.media-amazon.com/images/I/61z5kzTc5-L._AC_UL320_.jpg,https://www.amazon.com/dp/B09TW8WT9F,4.1,0,39.99,0,Portable Audio & Video,FALSE,0
B08HLQDB24,"Bluetooth Speakers, 30W Portable Speaker Loud Stereo Sound, Rich Bass IP67 Waterproof, 30+ Hour Playtime, Built-in Mic, Wireless Speaker with TF, AUX, FM for Shower, Pool, Party, Travel, Outdoors",https://m.media-amazon.com/images/I/71cDWHxsUXL._AC_UL320_.jpg,https://www.amazon.com/dp/B08HLQDB24,3.9,0,29.99,32.99,Portable Audio & Video,FALSE,0
B098B38F4W,"6pcs Rectangle 3M Sticky Adhesive Replacement Kit, for Magnetic Car Dashboard Phone Mount Base Sticker Parts,VIIMAKE Double Side 3M VHB Tape Adhesive Pads",https://m.media-amazon.com/images/I/71sqxEqXgOL._AC_UL320_.jpg,https://www.amazon.com/dp/B098B38F4W,3.9,0,4.99,0,Portable Audio & Video,FALSE,0
B0BD7636DV,Dash Phone Mount Holder for 2021 2022 2023 New Ford Bronco 2/4 Door Interior Accessories Dashboard Cell Phone Stand 360¬∞ Adjustable Smartphone Bracket Black,https://m.media-amazon.com/images/I/71ud2NRgC5L._AC_UL320_.jpg,https://www.amazon.com/dp/B0BD7636DV,4.2,0,39.99,0,Portable Audio & Video,FALSE,0
B005GTO0DI,Sangean PR-D5BK AM/FM Portable Radio with Digital Tuning and RDS (Black),https://m.media-amazon.com/images/I/81739j+vE+L._AC_UL320_.jpg,https://www.amazon.com/dp/B005GTO0DI,4.4,0,69.89,99,Portable Audio & Video,FALSE,0
B013WPA6YO,"BAOFENG BL-5L 3800mAh Extended Battery Compatible with UV-5R RD-5R UV-5RTP UV-5R Plus, Original Pack, Black",https://m.media-amazon.com/images/I/616FaK+jUXL._AC_UL320_.jpg,https://www.amazon.com/dp/B013WPA6YO,4.7,0,16.99,0,Portable Audio & Video,FALSE,0
B08KY8QM4P,"President Adams FCC CB Radio, Large LCD with 7 Colors, Programmable EMG Channel Shortcuts, Roger Beep and Key Beep, Electret or Dynamic Mic, ASC and Manual Squelch, Talkback",https://m.media-amazon.com/images/I/81EmRJkIXUL._AC_UL320_.jpg,https://www.amazon.com/dp/B08KY8QM4P,4.5,0,64,69.95,Portable Audio & Video,FALSE,0
B0B7WJF7YB,7x5ft Polyester Fall Harvest Red Farm Backdrop for Photography Autumn Pumpkin Maple Leaves Background Thanksgiving Day Baby Shower Birthday Party Decoration Photobooth Banner Props,https://m.media-amazon.com/images/I/91EyxdeS2nL._AC_UL320_.jpg,https://www.amazon.com/dp/B0B7WJF7YB,5,0,9.98,10.99,Camera & Photo,FALSE,0
B01N9Q7U24,"Batmax 2 Pack NB-6L NB-6LH Replacement Batteries for Canon Powershot SX500 is, SX710 HS,SX520 HS,SX530 HS,SX510 HS,S120,SX700 HS,SX610 HS,SX600 HS, D30, and S95 Cameras",https://m.media-amazon.com/images/I/61yIOJFVGeL._AC_UL320_.jpg,https://www.amazon.com/dp/B01N9Q7U24,4.2,0,12.99,0,Camera & Photo,FALSE,0
B00000J1E9,Maxell 203090 VHS-C TC-30 HGX Gold Camcorder Videocassette (3-Pack),https://m.media-amazon.com/images/I/91fNr9hZjbL._AC_UL320_.jpg,https://www.amazon.com/dp/B00000J1E9,4.6,0,31.2,0,Camera & Photo,FALSE,0
B09CYRF2ZV,"Godox MF12 MF12-K2 Macro Flash Off-Camera TTL Flash Speedlite 12W, 2.4G Wireless Control,TTL/M Mode,Built-in 3.7V/6.29W Lithium Battery, Compatible with Nikon, Sony, Canon, Fuji, Olympus and Panasonic",https://m.media-amazon.com/images/I/7135WIHTxXL._AC_UL320_.jpg,https://www.amazon.com/dp/B09CYRF2ZV,4.7,0,249,0,Camera & Photo,FALSE,0
B0BP2G5STK,"[5-Yrs Free Data Recovery] Gigastone 1TB Micro SD Card, Camera Extreme MAX, R/W up to 160/140 MB/s, MicroSDXC Memory Card for GoPro, Action Camera, DJI, 4K UHD Video, UHS-I U3 A2 4K C10",https://m.media-amazon.com/images/I/516cM2BDYFL._AC_UL320_.jpg,https://www.amazon.com/dp/B0BP2G5STK,4.3,0,139.99,149.99,Camera & Photo,FALSE,0
B0BDVWT96Z,"Kastar NP-F580 Battery 7.4V 3500mAh Replacement for Blackmagic Design NP-F570 Battery, Blackmagic Design Pocket Cinema Camera 6K Pro, Blackmagic Design Pocket Cinema Camera 6K G2 (4-Pack)",https://m.media-amazon.com/images/I/71RhRppa0NL._AC_UL320_.jpg,https://www.amazon.com/dp/B0BDVWT96Z,4.4,0,66.99,0,Camera & Photo,FALSE,0
B00465G49G,"Datacolor Spyder Checkr ‚Äì Color calibration tool for cameras. Ensure accurate, consistent color with varied cameras/light. Has 48 target colors + grey card for in-camera white balance",https://m.media-amazon.com/images/I/71kcbk6rwgL._AC_UL320_.jpg,https://www.amazon.com/dp/B00465G49G,4.4,0,139,0,Camera & Photo,FALSE,0
B0B82CRQ23,GFCC Photo Backdrop Stand Kit - 7FT x 10Ft Adjustable Background Stand for Photography Video Studio Support System with Carry Bag,https://m.media-amazon.com/images/I/61yjnsy47GL._AC_UL320_.jpg,https://www.amazon.com/dp/B0B82CRQ23,4,0,49.99,0,Camera & Photo,FALSE,0
B0BM8TWB7L,"Mocsicka Green Leaves Happy Birthday Backdrop Greenery Pink Neon Birthday Backdrops 30th 40th 50th Adult Birthday Party Decorations Photo Background (Pink, 7x5ft (82x60 inch))",https://m.media-amazon.com/images/I/81mVHm8Oj9L._AC_UL320_.jpg,https://www.amazon.com/dp/B0BM8TWB7L,5,0,16.99,0,Camera & Photo,FALSE,0
B087BC4FJB,K&F Concept Lens mount adapter Compatible with Nikon AI Nikkor F Mount Lens to Sony Alpha E NEX Mount Mirrorless Camera with Matting Varnish Design Compatible for Sony A6000 A6400 A7II A5100 A7 A7RIII,https://m.media-amazon.com/images/I/61hqDQHvH8L._AC_UL320_.jpg,https://www.amazon.com/dp/B087BC4FJB,4.2,0,36.99,0,Camera & Photo,FALSE,0
B08L5DBMMS,SanDisk 128GB Ultra¬Æ microSDXC 120MB/s A1 Class 10 UHS-I,https://m.media-amazon.com/images/I/516e07rmGiL._AC_UL320_.jpg,https://www.amazon.com/dp/B08L5DBMMS,4.4,0,13.05,14.99,Camera & Photo,FALSE,0
B0CDBWYYNW,VILTROX 75mm f/1.2 F1.2 PRO EF Lens for Sony E-Mount Ultra Wide Angle APS-C Auto Focus Prime Lens Compatible with Sony E-Mount Mirrorless Cameras A7M/R/S Series A7Cc A9 A1 A6x00 Fs5,https://m.media-amazon.com/images/I/81dc17+PzYL._AC_UL320_.jpg,https://www.amazon.com/dp/B0CDBWYYNW,4.6,0,549,0,Camera & Photo,FALSE,0
B0932W4LZY,7x5ft Fabric Summer Hawaiian Beach Backdrop for Photography Tropical Flower Luau Hawaiian Party Decorations Aloha Blue Sky Ocean Palm Leaves Background Supplies Photoshoot,https://m.media-amazon.com/images/I/81xMf7yOOrL._AC_UL320_.jpg,https://www.amazon.com/dp/B0932W4LZY,4.7,0,11.99,12.99,Camera & Photo,FALSE,0
B01EY988Z6,JJC Reversible Lens Hood Shade Protector EW-73D Replacement for Canon EF-S 18-135mm F3.5-5.6 is USM (Fits 18-135mm USM Only) & for Canon RF 24-105mm F4-7.1 is STM LensÔºàNot Fits RF 24-105mm F4L IS USMÔºâ,https://m.media-amazon.com/images/I/61Yo87sQ+RL._AC_UL320_.jpg,https://www.amazon.com/dp/B01EY988Z6,4.4,0,10.59,0,Camera & Photo,FALSE,0
B0875RGSSS,Baby Monthly Stickers | Floral Baby Milestone Stickers | Newborn Girl Stickers | Month Stickers for Baby Girl | Baby Girl Stickers | Newborn Monthly Milestone Stickers (Set of 24),https://m.media-amazon.com/images/I/61R2fd80jwL._AC_UL320_.jpg,https://www.amazon.com/dp/B0875RGSSS,4.8,0,9.99,0,Camera & Photo,FALSE,100
B0C5WYRYP6,AKASO V50X Native 4K30fps WiFi Action Camera with EIS Touch Screen 4X Zoom 131 feet Waterproof Camera Support External Mic + Kingston 64GB U3 microSDXC Memory Card (Bundle),https://m.media-amazon.com/images/I/71tCdQEDrKL._AC_UL320_.jpg,https://www.amazon.com/dp/B0C5WYRYP6,4,0,109.99,119.99,Camera & Photo,FALSE,0
B01M0S56IF,Kastar Battery (X2) & LCD Slim USB Charger for Olympus LI-50B Li50B and SZ-10 SZ-12 SZ-15 SZ-16 HIS Sz-20 SZ-30MR SZ31MR iHS TG-610 TG-630 HIS TG-810 TG-820 TG-830 TG-860 HIS XZ-1 XZ-16 iHS SP-810UZ,https://m.media-amazon.com/images/I/71m6+8xe-ZL._AC_UL320_.jpg,https://www.amazon.com/dp/B01M0S56IF,4.3,0,13.99,0,Camera & Photo,FALSE,0
B07JM6452C,Hard Carrying Case Replacement for Fits Stealth Cam SD Card Reader/Viewer by Aenllosi,https://m.media-amazon.com/images/I/613xMtL9K+L._AC_UL320_.jpg,https://www.amazon.com/dp/B07JM6452C,4.7,0,16.99,0,Camera & Photo,FALSE,0
B0BZ4BMCKT,"10 Pack Soft Nylon Solo Loop Bands Compatible with Apple Watch 38mm 40mm 41mm 42mm 44mm 45mm 49mm for Women Men, Breathable Stretchy Braided Strap for iWatch Series Ultra/9/8/7/6/5/4/3/2/1/SE",https://m.media-amazon.com/images/I/811iokN7XiL._AC_UL320_.jpg,https://www.amazon.com/dp/B0BZ4BMCKT,4.5,0,22.99,0,Cell Phones & Accessories,FALSE,0
B0BRQ9D3CZ,"Overhead Phone Mount for Recording,Phone Stand for Recording Overhead,Articulating Arm Cell Phone Holder with LED Ring Light,Desk/Bedside Tripod for YouTube Live Stream Cooking Video Recording",https://m.media-amazon.com/images/I/719dHgtZfnL._AC_UL320_.jpg,https://www.amazon.com/dp/B0BRQ9D3CZ,4.5,0,45.99,0,Cell Phones & Accessories,FALSE,0
B09PRCJ1W8,"Waterproof Shower Phone Holder with 360¬∞ Rotation, Angle Adjustable, Wall Mounted Phone Holder for Bathroom Mirror Bathtub Kitchen, Up to 6.8 Inch (2022 Upgraded)",https://m.media-amazon.com/images/I/71N4NFvEFhL._AC_UL320_.jpg,https://www.amazon.com/dp/B09PRCJ1W8,4.4,0,14.99,0,Cell Phones & Accessories,FALSE,0
B09TB4Z7PQ,Mr.Shield [3-Pack] Designed For Motorola Moto G Stylus (2022) / Moto G Stylus 5G (2022) [Cut Out For Camera][Not Fit for 2021/2020 Version] [Tempered Glass] [Japan Glass 9H Hardness] Screen Protector,https://m.media-amazon.com/images/I/61JM01ZbRpL._AC_UL320_.jpg,https://www.amazon.com/dp/B09TB4Z7PQ,4.6,0,6.95,0,Cell Phones & Accessories,FALSE,0
B09TSK5M6V,Single Replacement R Earbud for AirPods Pro 1st Generation with Detachable Ear Hooks Right Ear Side,https://m.media-amazon.com/images/I/31UMKC3uVUL._AC_UL320_.jpg,https://www.amazon.com/dp/B09TSK5M6V,4.1,0,79.99,0,Cell Phones & Accessories,FALSE,0
B0C1BRS7YQ,"ATUMTEK Phone Tripod Mount, Universal Smartphone Mount Adapter with 2 Cold Shoe and 1/4"" Standard Screw, 360¬∞ Rotates and 180¬∞ Tilts Adjustable Cell Phone Clamp Holder for Perfect Mobile Photography",https://m.media-amazon.com/images/I/61LGc8FWysL._AC_UL320_.jpg,https://www.amazon.com/dp/B0C1BRS7YQ,4.6,0,9.99,0,Cell Phones & Accessories,FALSE,0
B0C7B5NSDX,Caseology Snap Fit Tempered Glass [2 Pack/Easy Installlation] compatible with iPhone 15 Pro Max Screen Protector with installation Kit (2023) - Clear,https://m.media-amazon.com/images/I/71BFCJ7Y2TL._AC_UL320_.jpg,https://www.amazon.com/dp/B0C7B5NSDX,4.2,0,15.99,0,Cell Phones & Accessories,FALSE,0
B087ND59VF,"PopSockets Phone Grip with Expanding Kickstand, PopSockets for Phone - Stone Cool",https://m.media-amazon.com/images/I/61y2c7af8TL._AC_UL320_.jpg,https://www.amazon.com/dp/B087ND59VF,4.6,0,11.49,0,Cell Phones & Accessories,FALSE,0
B09ZQSXZXG,"MioHHR Stainless Steel Watch Band with Case Compatible with Apple Watch Series 9/8/7(45mm),Rugged Strap with Metal Protective Bumper Cover for iWatch Band Men(Black)",https://m.media-amazon.com/images/I/71q0tr6+2mL._AC_UL320_.jpg,https://www.amazon.com/dp/B09ZQSXZXG,4.4,0,35.99,39.99,Cell Phones & Accessories,FALSE,0
B0825L1NYG,"Galaxy S8 Screen Protector Tempered Glass (2 Pack), 3D Curved Dot Matrix Glass Screen Protector for Samsung Galaxy S 8 with Installation Tray [Case Friendly]",https://m.media-amazon.com/images/I/716anwqepPL._AC_UL320_.jpg,https://www.amazon.com/dp/B0825L1NYG,4.3,0,10.99,11.68,Cell Phones & Accessories,FALSE,0
B0CFFJMHCK,"[2+2 Pack Pixel 7 Privacy Screen Protector, 2 Pack Privacy Tempered Film with 2 Pack Camera Lens Tempered Glass, High Clarity, Anti-Spy Protection for Google Pixel 7 5G Screen Protector",https://m.media-amazon.com/images/I/61v5YCMi1OL._AC_UL320_.jpg,https://www.amazon.com/dp/B0CFFJMHCK,4.4,0,9.99,0,Cell Phones & Accessories,FALSE,0
B09FTB4NP2,ivoler [2+2 Pack Tempered Glass Screen Protector for Samsung Galaxy S22 5G 6.1'' 2022 [2 Pack] [Not Fit Galaxy S22Plus&S22 Ultra ] with [2 Pack] Camera Lens Protector with Alignment Frame Clear,https://m.media-amazon.com/images/I/71ku9bhnaOL._AC_UL320_.jpg,https://www.amazon.com/dp/B09FTB4NP2,4.4,0,6.99,0,Cell Phones & Accessories,FALSE,0
B0C9T9RX7H,"[3+3 Pack Glass Screen Protector for Samsung Galaxy S23 Ultra with Camera Lens Protector, 3D Curved, 6.8 inch 9H Tempered Glass for Samsung Galaxy S23 Ultra 5G Glass Screen Protector",https://m.media-amazon.com/images/I/71lcakyOGCL._AC_UL320_.jpg,https://www.amazon.com/dp/B0C9T9RX7H,3.2,0,6.99,0,Cell Phones & Accessories,FALSE,0
B07TTQGGBD,"Updated Thickened Solo Wireless 2/3 Replacement Ear Pads,earpads for Beats Solo 2/3 Wireless Headphone (White)",https://m.media-amazon.com/images/I/61eb87D1QPL._AC_UL320_.jpg,https://www.amazon.com/dp/B07TTQGGBD,4.6,0,11.98,0,Cell Phones & Accessories,FALSE,0
B06X9CTJ68,"Sim Card Tray Pin Eject Removal Tool Needle Opener Ejector 10X Pack by iSYFIX for All iPhone, Apple iPad, HTC, Samsung Galaxy, and Most Smartphone Brands",https://m.media-amazon.com/images/I/71ChigUL9VL._AC_UL320_.jpg,https://www.amazon.com/dp/B06X9CTJ68,4.6,0,4.95,0,Cell Phones & Accessories,FALSE,0
B0B7LV4ZQQ,"Sinjimoru Stretchy Magnetic Phone Wallet, Magnetic Card Holder for Back of Phone as Phone Wallet Stick On for MagSafe Wallet Compatible with iPhone 15 14 13 12 Series. M-Basic Black",https://m.media-amazon.com/images/I/61sKOoYuOyL._AC_UL320_.jpg,https://www.amazon.com/dp/B0B7LV4ZQQ,4.2,0,16.99,0,Cell Phones & Accessories,FALSE,0
B07ZQCJ7QC,"Linsoul Tripowin Zonie 16 Core Silver Plated IEM Cable, SPC Earphone Cable, for BL03 TRN V90 V80 AS10 ZS10 ZS6 ES4 ZST ZSR IEMs (2pin-0.78mm, 3.5mm, Grey)",https://m.media-amazon.com/images/I/71JGxYM5ElL._AC_UL320_.jpg,https://www.amazon.com/dp/B07ZQCJ7QC,4.6,0,19.9,0,Cell Phones & Accessories,FALSE,0
B0BXP6DMV3,"Braided Solo Loop Compatible with Apple Watch Band 38mm 40mm 41mm 42mm 44mm 45mm 49mm, Women Men Nylon Stretchy Bands Adjustable Elastic Sport Straps for iWatch Ultra Series 9 8 7 6 5 4 3 2 1 SE",https://m.media-amazon.com/images/I/813PK8Z2KwL._AC_UL320_.jpg,https://www.amazon.com/dp/B0BXP6DMV3,4.6,0,14.99,0,Cell Phones & Accessories,FALSE,0
B0B5VP75NL,for Apple Watch Charger - 2-in-1 Wireless Watch Charger Portable Charging Stand with Charging Cable Compatible with iWatch 9 8 7 6 5 4 3 2 SE Ultra Series - Charging Dock Station for AirPods Series,https://m.media-amazon.com/images/I/61PPJSOJcNL._AC_UL320_.jpg,https://www.amazon.com/dp/B0B5VP75NL,4.6,0,19.99,0,Cell Phones & Accessories,FALSE,0
B082NRH85D,"Supoix Compatible with Apple Watch Band 38mm 40mm 41mm 42mm 44mm 45mm 49mm+ Case, Women Jewelry Bling Diamond Rhinestone Replacement Metal Strap& 2 Pack PC Protector Case for iWatch Ultra 2/ Ultra Series 9/8/7/6/5/4/3/2/1/SE",https://m.media-amazon.com/images/I/71X1hj0H06L._AC_UL320_.jpg,https://www.amazon.com/dp/B082NRH85D,4.4,0,16.99,0,Cell Phones & Accessories,FALSE,0